"Q","first80","markers","sources","traceId"
"1","Q4 OKRs for the AI search project Nov 15 launch, 2s p95 latency target, $24K/mon","3","1","228b80f2-a3c3-4b75-9c4f-174c884f8d57"
"2","Blockers for the AI search launch AWS EU region blocker (critical), OpenAI API r","4","2","d46c69c9-3550-459f-b29d-9c672037eada"
"3","I'm sorry, but there is no information available in the provided context about w","0","0","2dfd947b-ccc7-474f-a5de-93c75818a108"
"4","Blockers for the AWS EU region AWS EU region blocker (biggest risk), Mitigation ","2","2","91ce5217-5224-46e4-8fe4-b92cf53012b7"
"5","The 2025 product roadmap includes several key initiatives across different quart","0","1","83162c8a-47ff-40d6-855a-db483f86f480"
"6","Infrastructure contacts for the project Data Engineering for real-time sync, Sea","3","1","65d853fb-2a25-46fc-ac27-81936d910580"
"7","The AI search project has specific costs associated with it, including $0.008 pe","0","1","cf5855c0-849d-4e96-9df0-a8b72adaeee4"
"8","ERROR: The remote server returned an error: (429) Too Many Requests.","0","0",""
"9","The context does not provide specific reasons for choosing Claude over GPT-4. Th","0","1","c0c3cce4-d091-4a37-9df4-03445e503a1f"
"10","Project Phoenix is a key initiative with a launch date set for November 15, 2024","0","1","d756443d-ddc7-4a22-92ae-969b02facf39"
